Чистая категория;Результат
ОБУВЬ СПОРТИВНАЯ>Обувь волейбольная>Кроссовки волейбольные;Волейбол>Обувь для волейбола
ОБУВЬ СПОРТИВНАЯ>Обувь волейбольная>Кроссовки волейбольные W;Волейбол>Обувь для волейбола
ОБУВЬ СПОРТИВНАЯ>Обувь волейбольная;Волейбол>Обувь для волейбола
ОБУВЬ СПОРТИВНАЯ>Обувь волейбольная>Обувь волейбольная W;Волейбол>Обувь для волейбола
ОБУВЬ СПОРТИВНАЯ>Обувь кроссовая;Легкая атлетика и Фитнес>Обувь для легкой атлетики и фитнеса>Грунтовая Обувь
ОБУВЬ СПОРТИВНАЯ>Обувь кроссовая>Обувь прогулочная/модная/спортстиль;Активный отдых>Обувь для активного отдыха
ОБУВЬ СПОРТИВНАЯ>Обувь кроссовая>Обувь кроссовая W;Легкая атлетика и Фитнес>Обувь для легкой атлетики и фитнеса>Грунтовая Обувь
ОБУВЬ СПОРТИВНАЯ>Обувь спортивная>Обувь детская;Легкая атлетика и Фитнес>Обувь для легкой атлетики и фитнеса>Детская обувь
ОБУВЬ СПОРТИВНАЯ>Обувь спортивная>Обувь теннисная;Теннис>Обувь для тенниса
ОБУВЬ СПОРТИВНАЯ>Обувь спортивная>Борцовки;Единоборства>Борьба>Обувь для борьбы
ОБУВЬ СПОРТИВНАЯ>Обувь спортивная>Обувь футбольная;Футбол>Обувь для футбола
ОБУВЬ СПОРТИВНАЯ>Обувь спортивная>САНДАЛИИ;Активный отдых>Обувь для активного отдыха
ФОРМА СПОРТИВНАЯ>Форма волейбольная>Форма;Волейбол>Форма волейбольная
ФОРМА СПОРТИВНАЯ>Форма волейбольная>Форма  пляжная;Волейбол>Форма волейбольная
ФОРМА СПОРТИВНАЯ>Форма футбольная>Форма игровая;Футбол>Форма футбольная
ФОРМА СПОРТИВНАЯ>Форма футбольная>Форма вратарская;Футбол>Форма футбольная
ФОРМА СПОРТИВНАЯ>Форма футбольная;Футбол>Форма футбольная
ФОРМА СПОРТИВНАЯ>Форма футбольная>Гетры;Футбол>Форма футбольная
ФОРМА СПОРТИВНАЯ>Форма футбольная>Перчатки вратарские;Футбол>Аксессуары для футбола
ФОРМА СПОРТИВНАЯ>Форма баскетбольная;Баскетбол>Форма баскетбольная
ФОРМА СПОРТИВНАЯ>Форма фитнесс/легкоатлетическая W>Майки, топы, футболки, рубашки;Легкая атлетика и Фитнес>Форма для фитнеса
ФОРМА СПОРТИВНАЯ>Форма фитнесс/легкоатлетическая W>Плавки, тайтсы, шорты;Легкая атлетика и Фитнес>Форма для фитнеса
ФОРМА СПОРТИВНАЯ>Форма фитнесс/легкоатлетическая W>Майки, футболки, рубашки;Легкая атлетика и Фитнес>Форма для фитнеса
ФОРМА СПОРТИВНАЯ>Форма фитнесс/легкоатлетическая W>Тайтсы, брюки;Легкая атлетика и Фитнес>Форма для фитнеса
ФОРМА СПОРТИВНАЯ>Форма теннисная;Теннис>Форма теннисная
СПОРТИВНАЯ ЭКИПИРОВКА>Ветровки, толстовки, жилеты, брюки>ВЕТРОВКИ, ТОЛСТОВКИ;Спортивная экипировка>Ветровки/толстовки/жилеты/брюки
СПОРТИВНАЯ ЭКИПИРОВКА>Ветровки, толстовки, жилеты, брюки>БРЮКИ;Спортивная экипировка>Ветровки/толстовки/жилеты/брюки
СПОРТИВНАЯ ЭКИПИРОВКА>Ветровки, толстовки, жилеты, брюки>ВЕТРОВКИ, ЖИЛЕТЫ;Спортивная экипировка>Ветровки/толстовки/жилеты/брюки
СПОРТИВНАЯ ЭКИПИРОВКА>БРЮКИ;Спортивная экипировка>Ветровки/толстовки/жилеты/брюки
СПОРТИВНАЯ ЭКИПИРОВКА>Футболки, поло, шорты>ФУТБОЛКИ;Спортивная экипировка>Футболки/шорты/поло/трусы
СПОРТИВНАЯ ЭКИПИРОВКА>Футболки, поло, шорты>ПОЛО;Спортивная экипировка>Футболки/шорты/поло/трусы
СПОРТИВНАЯ ЭКИПИРОВКА>ПОЛО;Спортивная экипировка>Футболки/шорты/поло/трусы
СПОРТИВНАЯ ЭКИПИРОВКА>ШОРТЫ;Спортивная экипировка>Футболки/шорты/поло/трусы
СПОРТИВНАЯ ЭКИПИРОВКА>Спортивные футболки, рубашки>Футболки спортивные;Спортивная экипировка>Спортивные футболки/рубашки
СПОРТИВНАЯ ЭКИПИРОВКА>Спортивные футболки, рубашки>Рубашки беговые;Спортивная экипировка>Спортивные футболки/рубашки
СПОРТИВНАЯ ЭКИПИРОВКА>Рубашки беговые;Спортивная экипировка>Спортивные футболки/рубашки
СПОРТИВНАЯ ЭКИПИРОВКА>Тайтсы>Тайтсы Спринт;Спортивная экипировка>Тайсы
СПОРТИВНАЯ ЭКИПИРОВКА>Тайтсы>Тайтсы 3/4;Спортивная экипировка>Тайсы
СПОРТИВНАЯ ЭКИПИРОВКА>Тайтсы>Тайтсы длинные;Спортивная экипировка>Тайсы
СПОРТИВНАЯ ЭКИПИРОВКА>Тайтсы;Спортивная экипировка>Тайсы
СПОРТИВНАЯ ЭКИПИРОВКА>Куртки, пуховики, жилеты;Спортивная экипировка>Куртки/пуховики/жилеты
СПОРТИВНАЯ ЭКИПИРОВКА>Термобелье;Беговые лыжи>Одежда для беговых лыж>Термобелье>Термобелье мужское
СПОРТИВНАЯ ЭКИПИРОВКА>Детская экипировка>СПОРТИВНЫЕ КОСТЮМЫ ДЕТСКИЕ;Спортивная экипировка>Детская экипировка
МЯЧИ, СЕТКИ, ИНВЕНТАРЬ>Мячи волейбольные;Волейбол>Мячи волейбольные
МЯЧИ, СЕТКИ, ИНВЕНТАРЬ>Мячи волейбольные пляжные;Волейбол>Мячи волейбольные пляжные
МЯЧИ, СЕТКИ, ИНВЕНТАРЬ>Мячи баскетбольные;Баскетбол>Мячи баскетбольные
МЯЧИ, СЕТКИ, ИНВЕНТАРЬ>Мячи футбольные;Футбол>Мячи футбольные
МЯЧИ, СЕТКИ, ИНВЕНТАРЬ>Мячи для тенниса;Теннис>Мячи для тенниса
МЯЧИ, СЕТКИ, ИНВЕНТАРЬ>Инвентарь>Сетки, карманы, антенны;Волейбол>Аксессуары
МЯЧИ, СЕТКИ, ИНВЕНТАРЬ>Инвентарь;
СПОРТИВНАЯ МЕДИЦИНА>Спортивная медицина;Спортивная медицина
АКСЕССУАРЫ>Носки>Носки, гольфы, гетры волейбольные;Волейбол>Аксессуары>Носки/гольфы/гетры волейбольные
АКСЕССУАРЫ>Носки>Носки универсальные;Активный отдых>Аксессуары для активного отдыха>Носки/гольфы универсальные
АКСЕССУАРЫ>Носки>Носки волейбольные;Волейбол>Аксессуары>Носки/гольфы/гетры волейбольные
АКСЕССУАРЫ>Носки;Активный отдых>Аксессуары для активного отдыха>Носки/гольфы универсальные
АКСЕССУАРЫ>Шапочки, повязки, бейсболки;Активный отдых>Аксессуары для активного отдыха>Шапочки/повязки/бейсболки
АКСЕССУАРЫ>Перчатки, напульсники;Активный отдых>Аксессуары для активного отдыха>Перчатки/напульсники
АКСЕССУАРЫ>Рюкзаки;Активный отдых>Аксессуары для активного отдыха>Сумки/рюкзаки
АКСЕССУАРЫ>Брелоки, подвески;Активный отдых>Аксессуары для активного отдыха>Брелоки,подвески
АКСЕССУАРЫ>Часы, секундомеры;Пульсометры/часы
АКСЕССУАРЫ>Очки;Активный отдых>Аксессуары для активного отдыха>Очки для активного отдыха
АКСЕССУАРЫ>Бутылочки;Активный отдых>Аксессуары для активного отдыха>Бутылочки
АКСЕССУАРЫ>Рукава волейбольные;Волейбол>Аксессуары
АКСЕССУАРЫ>Плавание>Шапочки для плавания;Плавание>Шапочки для плавания
АКСЕССУАРЫ>Плавание>Купальники, плавки;Плавание>Одежда для плавания>Купальники для плавания
АКСЕССУАРЫ>Компрессионное белье>Футболки компрессионные;Компрессионая одежда
АКСЕССУАРЫ>Компрессионное белье>Футболки компрессионные W;Компрессионая одежда
АКСЕССУАРЫ>Компрессионное белье>Тайтсы компрессионные;Компрессионая одежда
АКСЕССУАРЫ>Компрессионное белье>Тайтсы компрессионные W;Компрессионая одежда
АКСЕССУАРЫ>Компрессионное белье>Носки, гетры, рукава компрессионные;Компрессионая одежда
Нанесение методом термопереноса каталог;
ЗАКАЗНЫЕ ПОЗИЦИИ/ТЕНДЕР;
ПОДАРОЧНЫЕ КАРТЫ;
3-тысяча;
ОБУВЬ СПОРТИВНАЯ>Бандажи;Единоборства>Бокс>Инвентарь для бокса
ОБУВЬ СПОРТИВНАЯ>Защита>Бандажи;Единоборства>Бокс>Аксессуары для бокса
Бокс>Защита>Бандажи;Единоборства>Бокс>Аксессуары для бокса
ФОРМА СПОРТИВНАЯ>Форма фитнесс/легкоатлетическая W>Ветровки, толстовки, майки, топы, футболки, рубашки;Легкая атлетика и Фитнес>Форма легкоатлетическая
